,step,episode reward,accuracy,100 eps mean,time
0,19.0,18.0,92.31,18.0,0.000000
1,40.0,19.0,92.59,18.5,1.290000
2,66.0,24.0,93.48,20.3,3.810000
3,74.0,6.0,91.49,16.8,4.510000
4,82.0,6.0,89.58,14.6,5.190000
5,99.0,15.0,89.66,14.7,6.490000
6,116.0,15.0,89.71,14.7,7.880000
